{"cameraMode":{"drawMode":0,"name":"Shaded","section":"Shading Mode"},"sceneLighting":false,"audioPlay":false,"sceneViewState":{"showFog":true,"showMaterialUpdate":false,"showSkybox":false,"showFlares":true,"showImageEffects":true,"showParticleSystems":true},"in2DMode":false,"pivot":{"x":-1.503999948501587,"y":2.871000051498413,"z":0.19265294075012208},"rotation":{"x":-0.18521572649478913,"y":0.013852737843990326,"z":-0.0026111926417797806,"w":-0.9825990796089172},"size":0.8660253882408142,"orthographic":false}